identifiant	texte	origine
1	Venez poster toutes vos cr√©ations !	reddit
2	**Partagez ici tout ce que vous voulez !**  ^(Ce sujet est g√©n√©r√© automatiquement vers 7h -) [^(Archives)](https://www.reddit.com/r/france/search?q=Forum+Libre+flair%3A%22Forum%22+author%3A%22automoderator%22&restrict_sr=on&sort=new&t=all)^(.)	reddit
3	Bonjour,   J'ai la double nationalit√© fran√ßaise et belge. Je suis n√©e en France et je suis rest√© jusqu'√† mes 16 ans, puis je suis parti avec ma m√®re en Belgique.   Je suis retourn√© concr√®tement en France √† mes 25 ans. J'ai remarqu√© que malgr√© le fait que je dise que je suis n√©e en France et que j'ai  pass√© autant de temps en France qu'en Belgique, on me retient belge.   J'ai chang√© d'entreprise plusieurs fois et √† chaque fois l'on me consid√®re plus belge que fran√ßais (je trouve √ßa plut√¥t hilarant personnellement).  Le moment le plus dr√¥le, c'√©tait quand je travaillais dans un magasin √† Dijon. La patronne me dit que c'est normal que je ne comprends pas tout, car je suis belge et que certains mots sont diff√©rents (je pr√©cise que je n'ai jamais v√©cu en Wallonie mais uniquement en Flandre donc mon fran√ßais n'a pas √©t√© impr√©gn√© par le Wallon). Donc elle commence √† me faire un long speech et me parle un peu comme un attard√© comme si je ne savais pas ce que c'√©tait un torchon, une serviette et serpilli√®re...	reddit
4	"H41, je vis seul, sans enfants. J'appr√©cie ma vie, elle est simple et j'ai un taff, quelques amis et des hobbies qui me tiennent occup√©s. Cependant le soir, quand je rentre du taff. Je peux avoir tendance √† ressentir un  ennui, un vide, et je bois.  Je ne me sao√ªle pas, √ßa peut √™tre quelques verres de whisky, ou les 2/3 d'une bouteille de vin. De quoi √™tre bien ""pompet"" mais sans pour autant faire un black out ou ne pas r√©ussir √† aller au taff le lendemain.   Ce qui se passe, c'est que quand je bois (donc seul) je kiffe mes soir√©es x20. L√† o√π sobre j'ai envie de rien faire, quand j'ai bu j'ai envie de jouer √† des jeux, de prendre ma guitare, de regarder un film etc. C'est pas sain, car m√™me quand je me dit ""ce soir je bois pas"", j'y arrive pas.   Id√©alement j'aimerais garder l'alcool pour le week end et le d√©gager de ma semaine. Mais une fois arriv√© le mardi soir, entre mes 4 murs, c'est la seule chose qui rend ma vie fun. J'ai d√©ja fait pas mal de th√©rapies, et solutionn√© des choses, et ne compte pas en refaire. J'ai par ailleurs r√©ussi √† arr√™ter la clope sans trop de probl√®mes, j'√©tais addict √† la substance mais la cigarette ne rendait pas ma vie plus marrante.  Peut-√™tre que comme j'arrive √† g√©rer ma vie √† c√¥t√©, j'ai pas de signal d'alarme qui provoquerai un changement de comportement radical. Comme ma consommation est cach√©e, et sans cons√©quences (autre que ma sant√©) je suis pas vraiment motiv√© √† changer au fond.  Est-ce qu'il y en a qui se reconaissent dans ce que je d√©crit ? Et qui ont r√©ussi √† diminuer leur conso, voire arr√™ter ?"	reddit
5	"Bonjour √† tous,  Je partage cette histoire car j'ai l'impression d'√™tre dans un √©trange r√™ve qui semble interminable.  Pour le contexte, mon p√®re, 83 ans, est malade depuis plus presque 2 ans d'une maladie d√©g√©n√©rative. Partag√© entre sa r√©sidence secondaire de Nice et Paris (o√π j'habite), il a d√ª passer quelques jours √† l'h√¥pital en 2022. √âtant bien soign√© √† Paris, et craignant que sa femme l'envoie en EHPAD, il a d√©cid√© de ne pas retourner √† Nice. Je suis donc devenu son aidant, et je me suis occup√© de lui tous les jours afin qu'il ait une fin de vie confortable, chez lui.  Sa femme, avec qui il s'est mari√© quand j'avais 6 ans, a un fils d'un premier mariage. Ce m√™me fils et ma grande s≈ìur sont en couple. Oui oui. Et il est de 17 ans son a√Æn√©. Sa femme vie dans sa r√©sidence secondaire, et ma soeur et mon beau/demi-fr√®re vivent dans une maison qu'ils ont re√ßu en donation de mon p√®re. Tous les 3 √† Nice.  En 2 ans ils ne sont pas venu une seule fois le voir. Malgr√© mes multiples relances. Le plus surprenant est que mon p√®re a accompagn√© sa femme pendant les 2 ann√©es pr√©c√©dentes alors qu'elle avait un cancer du sein. √âvidemment il l'a √©norm√©ment regrett√©, int√©rioris√©, et en a probablement beaucoup souffert.  Lundi, mon p√®re est d√©c√©d√©, chez lui, dignement, comme il l'avait souhait√©. √âvidemment, malgr√© l'immense difficult√© que √ßa a √©t√©, je suis profond√©ment fier d'avoir r√©ussi √† l'accompagner comme il faut.  J'ai pass√© la journ√©e d'hier et d'aujourd'hui √† organiser ses obs√®ques, seul, sans aide encore une fois. J'apprends aujourd'hui que ni ma s≈ìur, ni sa femme, ni mon beau-fr√®re ne viendront √† son enterrement. Officiellement pour des raisons (bancales) de sant√©.  √âgo√Østement je suis soulag√© de ne pas les voir. Mais je suis aussi profond√©ment d√©√ßu pour mon p√®re qui a toujours √©t√© l√† pour eux.  Il avait une grande ""popularit√©"" gr√¢ce √† sa gentillesse, son humanisme, sa personnalit√©, je pense qu'il y aura beaucoup de monde pr√©sent √† l'enterrement. Je vais √™tre le seul proche √† ses obs√®ques ? Ma m√®re sera l√†...   Je n'ai jamais entendu une telle histoire, c'est irr√©el pour moi. J'ai presque honte. Je vie dans un mauvais r√™ve. Comment est-ce possible de ne pas faire le d√©placement ? Ils viendront chez le notaire ??  Vous avez des histoires similaires √† partager ? J'avoue que j'aimerais me sentir moins seul.  Edit : D√©sol√© pour la confusion / complexit√©. Voici des pr√©cisions. Moi et ma s≈ìur avons la m√™me m√®re.  Lorsque mon p√®re a rencontr√© sa deuxi√®me femme, ma s≈ìur avait 7-8 ans. Ma belle-m√®re avait un fils de 24 ans. Ma s≈ìur et mon demi-fr√®re on commenc√© une relation lorsqu'elle avait environ 15-16 ans. Oui, oui.  Ils n'ont pas √©t√© √©lev√©s ensemble puisqu'on vivait chez ma m√®re et qu'on voyait mon p√®re un week-end tous les 2 mois. Nous n'habitions pas la m√™me ville."	reddit
6	Le groupe l'a annonc√© sur sa page Instagram.	reddit
7	[https://unhook.app/](https://unhook.app/) pour retirer les suggestions et shorts de youtube     [https://chromewebstore.google.com/detail/consent-o-matic/mdjildafknihdffpkfmmpnpoiajfjnjd?pli=1](https://chromewebstore.google.com/detail/consent-o-matic/mdjildafknihdffpkfmmpnpoiajfjnjd?pli=1)   Consento-matic pour automatiquement decocher la RGPD      et biensur Ublock indispensable, la pub √† la pubelle (merci)     Vous en avez d'autres? 	reddit
8	"Voila le soucis, j'envoie un message √† une personne sur Leboncoin concernant la vente d'un appartement, et je re√ßois sur mon adresse mail perso (celle reli√© √† Leboncoin) une invitation a me connect√© sur le site d'une agence Immo, je me demande direct comment ils on eu mon mail ..  L√† une femme de l'Agence Immobilier m'appel, je lui demande ou ils ont eu mon mail et mon telephone, sur Leboncoin j'ai juste demand√© si le bien √©tait toujours dispo.  Elle me dit que leboncoin donne automatiquement mon mail, et mon num√©ro de t√©l√©phone aux agence immobili√®res ...  Je regarde dans les param√®tre de mon compte je n'ai rien d'activer, du moins je n'ai donn√© aucunes permission.  Des id√©es ?     EDIT: Je n'ai aucun ""Espace locataire"" ou ""Profil locataire"" renseign√©, de plus je contact pour des achat"	reddit
9	La justice fran√ßaise a √©mis un mandat d'arr√™t international contre Bachar al-Assad, ont annonc√©, mercredi, des plaignants. Le pr√©sident syrien est accus√© de complicit√© de crimes contre l'humanit√© pour les attaques chimiques perp√©tr√©es √† l'√©t√© 2013 en Syrie.	reddit
10	J'ai envie de l'appart mais bordel, la quantit√© de choses que tu dois lire et tu comprends que dalle ! En plus, c'est pas une agence, c'est un investisseur qui ach√®te une maison et qui la vend en lots. En gros, est-ce que vous avez achet√© de mani√®re enthousiaste ? sereine ? 	reddit
11	Tout les hommes de ma famille perdent leur cheveux vers  20 ans. Je m'y attendais et j'ai commenc√© √† les perdre √† 19 ans.  Pendant des ann√©es j'ai tout tent√© pour ralentir la chute, en vain. √áa peut faire sourire mais √ßa faisait vraiment mal d'avoir des r√©flexes inutiles... passer la main dans ses cheveux et ne rien sentir, vouloir changer de style mais c'√©tait impossible. J'avais l'impression de perdre une partie de mon identit√©.  √Ä l'approche de mes 30 ans j'ai enfin d√©cid√© de faire le deuil de mes cheveux et de me raser compl√®tement le cr√¢ne.   Le combo chauve+barbe+musculation a donn√© un bon r√©sultat je trouve. La calvitie √©tant plus courante chez les hommes approchant la trentaine, √ßa m'a permis de surmonter ce complexe.  Et vous?	reddit
12	Salut,  √áa fais d√©j√† plus de 6 ans qu'on est ensemble alors √† peu pr√®s tout comme id√©e de cadeau y est pass√©, on s'est d√©j√† fait des week end, je lui est d√©j√† offert sac, maquillage,parfum, robot de cuisine, v√©lo, t√©l√©phone portable....  Bref tout ce qui lui faisait envie ou alors dont je savais qu'elle avait besoin.  Et l√† pour cette ann√©e je s√®che, entre le travail et les travaux de r√©novation de notre maison j'ai peu de temps pour y penser alors j'aimerais bien un coup de main.  Je privil√©gie fortement une sortie ensemble plut√¥t qu'un cadeau mat√©riel, j'avais 2 id√©es mais qui me paraissent pas r√©alisable :  Le cirque du soleil mais trop cher (140 euros pour 2 places ! üò≠) Une sortie a l'accrobranche car je sais qu'elle aimerait beaucoup mais en hiver ce sera ferm√© :/  Auriez vous quelques id√©es ? Merci.	reddit
13	Il se retrouve bien emb√™t√©, en manque de nicotine et sans avoir de quoi fumer de par devers lui.  &#x200B;  Il se met donc a l'affut jusqu'au passage d'une panth√®re. Il vise, il tire!  Il la loupe.  Heureusement, il r√©ussit √† tirer une deuxi√®me fois avant que la panth√®re ne fuie. Ce coup-ci, il tue la panth√®re. Il marche jusqu'√† elle, la prend par la queue, et la fait tourner autour de lui tr√®s vite, d√©crivant un cercle.   En mesurant ce cercle, il obtient, naturellement, deux pi panth√®re, puisque le rayon du cercle est une panth√®re.  Il ramasse une des deux pipes et la casse, puis r√©unit les d√©bris de terre en deux tas in√©gaux.   Le tas le plus haut ne lui servant √† rien, il ramasse le tabac et le met dans la deuxi√®me pipe. Enfin, il allume la pipe gr√¢ce √† la loupe et au soleil, et repart, content, son addiction √† la nicotine assouvie temporairement.  &#x200B;  Allez, je vous laisse, je devrais entendre vos grognements de douleur de l√† ou je suis.	reddit
14	"Coucou AirFrance, une fois n'est pas coutume, je viens raconter ma vie.  Parce que y'a un peu plus d'1 an, je venais ici, sous un compte throwaway, pour raconter mon histoire et chercher des conseils. Et que la vie a d√©cid√© de me faire des plot twists du d√©mon.  Inspir√© par [ce post](https://www.reddit.com/r/france/comments/17uzy6v/enfants_de_parents_toxiques_comment_avezvous/) et par tant d'autres qui passent tous les jours, de gens qui, comme moi, √©taient d√©sesp√©r√©s et au fond du trou, je d√©cide de faire cette update en liant ce compte throwaway √† mon vrai compte. Parce que parfois, la vie est belle, et qu'apr√®s l'orage, c'est souvent le soleil qui appara√Æt.  Fin de l'intro, voici mon compte throwaway : [comptejetteauloin123](https://www.reddit.com/user/comptejetteauloin123)Y'a un peu (beaucoup) de lecture, mais TL;PL : mari√© √† 19 ans, papa √† 21, divorc√© √† 23, je pensais √† l'√©poque que le probl√®me c'√©tait mes parents, en r√©alit√© mon ex en √©tait un sacr√© aussi.Sur fond d'histoire de secte, que j'ai racont√© [ici](https://www.reddit.com/r/france/comments/117demd/ma_vraie_exp%C3%A9rience_avec_une_secte_cwtw_religion/) sur ce compte, en fait rien n'allait dans ma vie et je suis convaincu que j'aurais pu finir par juste me mettre une balle dans le caisson pour mettre un terme aux calvaires √† r√©p√©tition.  Sauf que non.  Donc je refais la timeline rapide, tr√®s rapidement, enfant j'avais un p√®re violent et abusif, √† 16 ans je me mets avec une fille qui en fait √©tait dans une secte, √† 19 ans je me marie, √† 21 ans je suis papa, √† 22 je coupe les ponts avec toute ma famille, √† 23 je divorce & je retourne chez mes parents.  Voil√†.  Ce que j'ai jamais dit, apr√®s avoir post√© pour la derni√®re fois sur u/comptejetteauloin123, c'est que je suis rest√© 1 an chez mes parents. J'ai v√©cu l√†-bas d'octobre 2022 √† Septembre 2023.Je racontais les retrouvailles [ici](https://www.reddit.com/r/france/comments/y2rgrv/update_il_y_a_quelques_mois_je_parlais_de_mon/), et je disais que je ne comptais pas rester. Que je ne retournerais pas l√† bas, pas avec eux. Eh bah en fait si.  J'ai d√©cid√© de tout pardonner. A mes parents, ma soeur, mon ex, **absolument tout √† tout le monde**.Mais pas juste pardonner comme √ßa, et hop tout va bien, non.   Je viens de passer un an √† forger mon caract√®re, √† me retrouver moi, √† comprendre qui j'√©tais. Je sors d'1 an de reconstruction, de retrouvaille avec moi et moi seul. Et je dois avouer que √ßa fait du bien, parce qu'aujourd'hui, je ne suis absolument plus le m√™me. Je me suis affirm√©, j'ai repris confiance en moi. Si bien que mon p√®re, qui jusqu'√† il y a 2 ans avait pour effet de faire totalement t√©taniser mes jambes rien qu'√† son entr√©e dans la pi√®ce, eh bah je l'ai attrap√©, ""d'homme √† homme"", comme il voulait le faire par le pass√© ([racont√© ici](https://www.reddit.com/r/france/comments/u6zjfp/dimanche_je_postais_pour_vider_mon_sac_aujourdhui/)).J'avais jamais eu les couilles de le faire, et je le dis, c'est pas une r√©action normale que je conseille. C'est PAS la bonne, sauf dans de RARES cas, et tout le monde n'est pas en mesure de le faire, et c'est normal.   Mais je l'ai fait, et je lui ai expliqu√© que le moi de maintenant, c'est pas le moi d'il y a 10 ans. Qu'aujourd'hui je l'attrape, je le plie, et je l'enterre au fond du jardin si il faut. Que du haut de mes 1m85 et 100 kilos, c'√©tait fini d'avoir peur. Qu'au prochain pas de travers, je jurais de pas le louper.   J'ai pas eu d'excuses. Mais il a compris, et **tout ce putain de poids s'est envol√©**. Je vous jure, √ßa fait tr√®s film √† l'eau de rose, mais c'est mot pour mot ce que j'ai dit. J'ai vrill√©, j'ai d√©goupill√©, j'ai dit stop √ßa suffit. Et √ßa m'a fait tellement de bien.  Alors j'ai pardonn√©. Sa violence, son √©go√Øsme, son cynisme, son manque de pr√©sence et de complicit√©.J'ai 23 ans, j'ai d'autres projets, et j'aurais jamais pu avancer sans faire tout √ßa.  Donc, r√©sum√© de cette ann√©e chez mes parents :  * Une copine formidable, un bijou, la perfection. Je vous jure, j'avais jamais √©t√© compris comme √ßa. C'est la premi√®re, de ma putain de vie, √† me demander ""comment tu te sens en ce moment ?"". Et √ßa me fait un bien fou. * J'ai ouvert ma boite. Alors √ßa aussi j'en parlais ici f√ªt un temps, que mon job me d√©primait, que je voulais changer, me casser. Bah c'est fait. Je suis officiellement chef d'entreprise, et j'ai absolument tout mis l√† dedans. Et √ßa aussi, √ßa fait du bien. J'ai repris le contr√¥le de ma vie. * Je suis parti de chez mes parents, quand m√™me, y'a 3 mois. En fait, je suis maintenant h√©berg√© chez mon meilleur ami d'enfance. Et en fait on vit juste notre meilleure vie. * J'ai retrouv√© une vraie relation avec toute ma famille. Pas 1 drama, pas 1 engueulade. Tout va tellement mieux.  Pour finir ce pav√© d√©j√† trop long, d√©j√†, merci r/france. J'ai toujours pu vider mon sac ici, et √ßa m'a toujours fait un bien fou parce que j'ai jamais vraiment eu personne pour m'√©couter jusqu'√† maintenant. Aujourd'hui √ßa a chang√©, c'est pour √ßa que j'avais pas post√©  ce genre de trucs depuis un moment.  Ensuite, si tu lis √ßa et que t'es au fond, par piti√© ne l√¢che rien. Regarde moi, j'ai travers√© une secte, une enfance et une adolescence en miettes, un mariage quasi forc√© √† 19 ans, j'ai d√ª traverser encore un divorce √† 23, retourner chez des parents √† qui j'avais pas parl√© depuis 6 mois.Apr√®s la temp√™te, y'a le soleil, je te le promets. Alors accroche-toi, pense un peu √† toi, et n'aie pas peur de demain, parce qu'au fond du trou, on ne peut que remonter. On sait juste jamais trop quand.  Merci, d'avoir lu, d'avoir r√©pondu √† mes pr√©c√©dents posts.  Comme d'habitude, je r√©pondrais √† un maximum de commentaires, toujours un plaisir d'√©changer avec vous."	reddit
15	Bonjour, je suis chez Total energie.   Je suis pas chez moi en semaine de 7h30 √† 19h - chauffage seulement √† 16 (l‚Äôhiver va √™tre hard) - pas de t√©l√© - ordi et lumi√®re √©teints √† 21h - pas souvent chez moi le week-end - pas d‚Äôusage abus√© de mes plaques de cuisson/lave linge/ aspi/ s√®che cheveux.  Et pourtant je paie 56‚Ç¨/mois d‚Äô√©lectricit√© et un petit r√©ajustement de 16‚Ç¨ en juillet pro est d√©j√† pr√©vu. Comment je peux payer autant alors que je vis comme une pauvre et que j‚Äôai froid (maladie qui m‚Äôemp√™che de pouvoir manger donc je suis tr√®s maigre).  Vous en √™tes o√π vous ?	reddit
16	Si vous avez du mal,avez-vous l‚Äôimpression d‚Äôavoir quelqu‚Äôun vers qui tourner?Vous sentez en s√©curit√© en parlant √† les psychologues?Pensez-vous que la soci√©t√© fran√ßaise s‚Äôoccupe correctement des malades mentaux?	reddit
17	"Une soci√©t√© qui g√©n√®re 100 M$ par an (d√©finition du Centaure) peut-elle encore √™tre qualifi√©e de ""Startup""?  Pr√©cis√©ment, j'avais dans l'id√©e que le mod√®le de d√©veloppement d'une startup √©tait fond√© sur des investissements √† risques dans le but de tester des hypoth√®ses de business et, *in fine*, de g√©n√©rer des revenus, puis des b√©n√©fices...  Finalement, ne pourrait-ont pas reformuler le fond de cet article ainsi ? : ***""Les investisseurs n'ont plus le courage d'investir dans les startups, assistons-nous au cr√©puscule de la Startup Nation ?""***.   [Les investisseurs vont-ils d√©laisser les licornes au profit des centaures ? (maddyness.com)](https://www.maddyness.com/2023/11/15/les-investisseurs-vont-ils-delaisser-les-licornes-au-profit-des-centaures/) "	reddit
18	Bonjour,  J'ai vu plusieurs postes sur les reconversions ici donc je me permets de vous mettre mes interrogations ici en esp√©rant avoir des cas similaires pour m'aiguiller.  Je suis sorti d'un Master g√©n√©raliste en droit public en 2021 et je travaille en mairie depuis d√©but 2022. Mais voil√†, le travail ne me motive absolument pas et cela me p√®se.  Je suis donc entrain de regarder pour me reconvertir, du moins changer de m√©tier (et notamment quitter le public). J'ai plusieurs id√©es en t√™te :  1 - R√©ussir √† trouver un m√©tier en lien avec mon master qui me convienne, ce qui pour le coup n'est pas gagn√© du tout.  2 - Me r√©orient√© mais dans le droit, notamment sur les questions de droit du num√©rique, probl√®me de formation ect  3 - Partir dans un domaine compl√©tement diff√©rent, pour le moment je pensais √† la gestion de projet ou continuer sur une id√©e de dev / cybers√©curit√© (des domaines qui m'int√©ressent √©norm√©ment).  J'ai cependant plusieurs contraintes, la principale √©tant la question financi√®re de reprendre des √©tudes, il me faudrait au minimum une alternance pour couvrir les d√©penses personnelles autour.  &#x200B;  Je ne sais pas si certains ont √©t√© dans des cas similaires surtout √† la suite de master en droit mais j'aimerai avoir vos avis / exp√©riences sur cela !  &#x200B;  Merci d'avance :)	reddit
19	Bonjour,  Actuellement en d√©tachement au Canada, cela va faire maintenant 5 ans que je cotise √† la retraite Fran√ßaise (4,5 ans en France + 6 mois de d√©tachement). Selon le site de l'URSSAF, sur ces 5 ans, j'ai cotis√© pas moins de 85k‚Ç¨ uniquement pour la retraite.  Je pense qu'on va me proposer tr√®s prochainement de poursuivre au Canada avec un contrat d'expat, je ne serais donc plus rattach√© au syst√®me fran√ßais, donc plus de cotisations pour la retraite fran√ßaise.  Etant encore jeune (28 ans) et ne sachant pas si je compte revenir en France √† un moment ou √† un autre, qu'adviendra t il de mes cotisations pass√©es ? Est-ce qu'il faut que je cotise √† la CFE sans aucune visibilit√© ? Est-ce que je pourrais r√©cup√©rer les cotisations de mes 5 premi√®res ann√©es si je ne reviens pas dans le syst√®me fran√ßais ?	reddit
20	Je sais que certains parmi vous sont des cracks pour d√©chiffrer ce genre de message cod√©s.   J'ai vu 2 fois Da Vinci Code, mais je suis toujours coinc√©.   Indice : dentiste > chirurgien dentiste  Quand l'IA sera capable de d√©chiffrer √ßa ...     https://preview.redd.it/pc00g25blo0c1.png?width=562&format=png&auto=webp&s=c0ef9c995330e1a1aa7823310cdef18ad3c8f21b	reddit
21	Salut tout le monde. Avec mon copain on s‚Äôinstalle √† Toulouse car nous y avons des opportunit√©s pro, on a tous les deux 28 ans.  En revanche on ne conna√Æt pas du tout la r√©gion et encore moins la ville !  Donc on aurait besoin de vos avis sur la ville en g√©n√©ral, mais surtout sur les quartiers en particulier pour qu‚Äôon puisse choisir o√π s‚Äôinstaller.  Il faut savoir qu‚Äôon a un petit chat qui sort, donc il nous faut un appartement en r√©sidence pour qu‚Äôil ait un ext√©rieur un peu v√©g√©talis√©. Du coup d‚Äôembl√©e, je sais qu‚Äôon ne sera pas en hypercentre. On aime beaucoup les parcs, le calme, aller au march√© et se d√©placer √† v√©lo/transports. On est un peu des p‚Äôtits vieux en fait ! :)  Je suis curieuse d‚Äôavoir vos avis.  Bise √† tous !	reddit
22	"""...l'Isra√´lien moyen n'est ni pr√™t ni d√©sireux de faire la distinction entre les Palestiniens terroristes et les Palestiniens terroris√©s.  Pour beaucoup d'Isra√©liens le Palestinien est Hamas, c'est comme √ßa qu'ils voient les choses""  C'est effrayant de stupidit√©..."	reddit
23	J'ai r√©cemment √©t√© accept√© dans un programme de master en France, mais apr√®s deux mois, j'ai r√©alis√© que ce n'est pas ce √† quoi je m'attendais. J'ai demand√© √† changer de programme, mais on m'a dit que je devais attendre l'ann√©e prochaine pour cela. En tenant compte de cela, je pense √† l'id√©e de quitter le programme, de trouver un emploi et de postuler √† nouveau l'ann√©e prochaine pour un programme plus adapt√©.  Cependant, je m'inqui√®te de savoir comment cette d√©cision pourrait affecter le renouvellement de mon visa √©tudiant l'ann√©e prochaine. Est-ce que quelqu'un a d√©j√† v√©cu une situation similaire ou a des informations sur les implications du visa ? J'appr√©cierais grandement tout conseil ou orientation sur la mani√®re de naviguer dans ce processus sans compromettre mon statut de visa.	reddit
24	"    Hello,    C'est vrai que le dessin anim√© et les diff√©rents jeux disent dresseur pok√©mon.   Mais, selon la d√©finition de Wikip√©dia et certains autre site ""Le dompteur d'animaux est la personne qui pr√©sente dans un cirque des fauves dress√©s √† ex√©cuter quelques tours. Ce terme doit √™tre diff√©renci√© du terme de dresseur ou √©ducateur d'animaux qui concerne des animaux domestiques.""  Donc pouvons-nous vraiment qualifier un dresseur pok√©mon de ""dresseur"" ?  En prenant en compte qu‚Äôen tant que dresseur il est interdit (selon les jeux) d‚Äôattraper le pok√©mon d‚Äôun autre dresseur lors de combat ou autre. Mais il existe bien des chenils et autres utilisation domestique de pok√©mons (les diff√©rents leveinard qui travaillent au centre pok√©mon dans l‚Äô√©pisode 2).  De plus si on s‚Äôen r√©f√®re √† la d√©finition d‚Äôun dompteur (qui concerne donc les animaux sauvages) lors d‚Äôun combat sur les diff√©rents jeux pok√©mons nous avons un le message ¬´ Un ‚Ä¶ sauvage apparait ¬ª ce qui montre bien que chaque pok√©mon rencontr√© en combat et potentiellement attrap√© est un pok√©mon sauvage et non domestique.  Cependant la version anglaise se dit bien ¬´ trainer ¬ª et non ¬´ tamer ¬ª, ce qui montre que ce n‚Äôest pas juste une erreur de traduction. "	reddit
25	La question m‚Äôest venue alors que je savourais au plus profond de mon c≈ìur des grosses bourrasques de vents charg√©es de pluie, en faisant du v√©lo √† Brest (et de 1)  2- j‚Äôadore le nord de la France, je trouve √ßa hyper beau, que √ßa soit les villages de briques paum√©s et quasi morts √©conomiquement ou alors les parcelles d‚Äôorge et de bl√© de 10 hectares, qui d√©voilent le relief doucement vallonn√© de la Somme ou du Pas de Calais.   3- les stations de ski  et les sports Alpins ne m‚Äôattirent vraiment pas. Je n‚Äôy suis jamais all√© mais j‚Äôai l‚Äôimage d‚Äôune procession de SUV Parisiens et Lyonnais au pieds de pseudos chalets / immeubles + des t√©l√©ph√©riques qui enlaidissent les paysages  4- On a √† la fois un pays aux paysages incroyables mais en meme temps, on fait un peu piti√© face aux pays am√©ricains : je vous mets au d√©fi (a part dans les Alpes) de trouver un endroit vraiment sauvage, sans lotissement / ZAC √† quelques km.   M√™me sur la cote Bretonne on n‚Äôest jamais loin d‚Äôun lotissement ou d‚Äôun parking. Nos parcs naturels r√©gionaux, n‚Äôont de naturel que les clauses de leur statut juridique. Alors oui, si se met des ≈ìill√®res, juste pour faire une photo, les paysages sont superbes   4- √† part vivre en campagne sans voiture et dans une sobri√©t√© √©nerg√©tique / d‚Äôeau intense, vivre en ville est la seule alternative √©colo viable (je n‚Äôaime pas vivre en ville alors je suis face √† un dilemme).   Les avantages d‚Äôoptimisation √©nerg√©tique / de transport / de ressource que procurent le tissu urbain sont √âNORMES et vivre √† la campagne en gardant ces standards, c‚Äôest pas viable d‚Äôun PDV environnemental. Bref, pour la plupart des gens en France (et sur Terre) les villes sont l‚Äôunique avenir.   Quels sont les v√¥tres ?	reddit
26	Salut les amis. Je suis pas ran√ßais. Etant nord am√©ricaine, je me suis demand√© si c‚Äôest normale que les voisins mettent des panneaux/fiches dans le pallier pour nous expliquer le monde genre‚Ä¶ ‚Äúsalissez pas le palier car notre femme de m√©nage est pass√© aujourd‚Äôhui.‚Äù Il y a d√©j√† une panneau  permanente donc la fiche √©tait juste pour rappeler qu‚Äôelles √©taient ent frustr√©e, √† mon avis‚Ä¶  Bon, pour moi c hyper impoli. Soit on parle avec le voisinage s‚Äôil y a une probl√®me; soit on accepte qu‚Äôil y a la flotte + les enfants et √ßa va pas √™tre prioritaire pour tout le monde.   Bon j‚Äôai descendu la fiche mais mon mec m‚Äôa expliqu√© que je risques commencer une mini-guerre avec le voisinage si je continues‚Ä¶	reddit
27	Je suis √©tudiant a l'universit√© et on a souvent un groupe de communistes qui viennent tracter au campus, le cercle ouvrier internationaliste. J'ai fait l'erreur de donner mon num√©ro √† l'un d'entre eux mais je le rend compte que je trouve rien sur eux sur internet. Quelqu'un peut me renseigne sur leur histoire/leurs id√©es ? Apparemment ils viennent d'Italie mais je trouve presque rien sur eux sur internet.  Merci d'avance !	reddit
28	Je sais que certains parmi vous sont des cracks pour d√©chiffrer ce genre de message cod√©s.   J'ai vu 2 fois Da Vinci Code, mais je suis toujours coinc√©.   Indice : dentiste > chirurgien dentiste  Quand l'IA sera capable de d√©chiffrer √ßa ...     https://preview.redd.it/pc00g25blo0c1.png?width=562&format=png&auto=webp&s=c0ef9c995330e1a1aa7823310cdef18ad3c8f21b	reddit
29	"   Bonjour √† tous,  Je me permets de poser quelques petites questions ici li√©es au droit du travail, n'ayant malheureusement pas eu de r√©ponse sur /r/conseiljuridique      Suite √† la mise en place d'une nouvelle convention collective dans mon entreprise (ing√©nieurs et M√©tallurgie).  En effet ayant sign√© un CDI (cr√©ation de poste) depuis 1an dans mon entreprise en tant que sys admin avec un status cadre au forfait jours je me retrouve class√© E-09 avec le DRH de la bo√Æte qui me propose de signer la nouvelle convention en repla√ßant au forfait heures (je ferais donc une croix sur mes RTT qui me seront √† la place pay√©).  Je sais que la nouvelle quotation ""Cadre"" se trouve √† F-11 dans la nouvelle convention et j'aimerais √©videmment conserver ce statut et les b√©n√©ficies li√©s √† celui-ci.  Pour info je suis responsable de mon service et 100% autonome, mes t√¢ches sont annualis√©es et je suis √† la t√™te de certains projets IT et coordonnent d'autres.  Il n'y a pas eu de fiche de poste clair √† ma prise de fonctions si ce n'est un RACI d√©fini par mes sup√©rieurs fonctionels.  Les RH/DRH cherchent clairement √† niveler mes fonctions par le bas et en recadrant mon post en tant que ""Technicien Support"" (mission qui fait effectivement parti de mes t√¢ches puisque je suis seul dans mon service).  Que devrais-je faire selon vous ?  Merci d'avance pour votre aide."	reddit
30	Ma prof m'a dit qu'il y a seulement une forme correct mais j'ai oubli√© quelle!  S'il vous pla√Æt m'aidez rapidement parce que je √©criverai un examen!!!  Et je suis d√©sol√© de mon mauvais fran√ßais :<	reddit
31	[M22]  Bonjour, j‚Äô√©cris ici pour all√©ger mes peines.  Depuis le coll√®ge j‚Äô√©tais attir√© par certains m√©tiers (Community Management ; R√©dacteur JV ; Ing√© Son ; Monteur Vid√©o ; Graphistes).  Ces m√©tiers n√©cessitent des comp√©tences que j‚Äôavais d√©j√† t√¢tonner √† mon jeune √¢ge, et qui pour certains j‚Äôestime aujourd‚Äôhui pouvoir √™tre capable d‚Äôexercer.  Apr√®s mon Bac Pro (2019)  en poche vient le moment de Parcoursup, TOUT les BTS que j‚Äôai choisi m‚Äôont refus√©, je ne savais pas quoi faire j‚Äôai donc commenc√© √† travailler. La plupart des m√©tiers donc que je souhaitais faire n√©cessitais au minimum un BAC+2   En 2022 j‚Äôentends parler pour la premi√®re fois de ma vie de l‚ÄôUniversit√© ( et son taux d‚Äôacc√®s bien + simple que les BTS) je d√©cide donc d‚Äôarr√™ter le travail que j‚Äôavais √† ce moment la pour y aller.  Je fais ma rentr√©e et grosse d√©ception √ßa ne me pla√Æt pas du tout (J‚Äôavais pris th√©√¢tre) je d√©cide donc d‚Äôarr√™ter et donc je travaille, Je me renseigne sur les fili√®res propos√©es √† l‚Äôuniversit√© et m‚Äôinscris donc en Musicologie pour l‚Äôann√©e 2023/2024.  Je fais ma rentr√©e tout se passe bien les cours me plaisent vraiment √©norm√©ment j‚Äôarrive plut√¥t bien avec les TD et la les CM me faisait d√©faut, impossible de me concentrer ou de rester √©veill√©, je prenais notes mais je n‚Äôarrivais pas √† comprendre l‚Äôint√©r√™t de ce que nous notions etc‚Ä¶ je d√©cide donc d‚Äôarr√™ter en me disant peut √™tre que l‚ÄôEcole est juste plus fait pour moi.  J‚Äôai postul√© √† plusieurs entreprises qui avait des postes plut√¥t int√©ressant (Un poste ou je me sentirais vraiment a l‚Äôaise, qui ne me donne pas envie de me foutre en l‚Äôair) qui n‚Äôavait aucun rapport avec ce que je cherchais de base mais √ßa se solde toujours par un refus une fois l‚Äôentretien pass√©.  Je me retrouve donc maintenant √† voir mon fr√®re entamer sa L2 √™tre le bon sujet de conversation de la famille, et puis moi √† √™tre sans emploi ni √©tudes, je suis d√©go√ªt√© de mes hobbys, voir mes proches r√©ussir mais pas moi, √™tre la version rat√© d‚Äôune lign√©e fraternelle.  J‚Äôaimerais mettre fin √† ce calvaire, je cherche juste un moyen d‚Äôexercer ce que je veut (surtout pour des m√©tiers ou des ann√©es d‚Äô√©tudes c‚Äôest vraiment pas n√©cessaires)  Je suis d√©sesp√©r√©e auriez vous des trucs des solutions jsp, merci d‚Äôavance !	reddit
32	[M22]  Bonjour, j‚Äô√©cris ici pour all√©ger mes peines.  Depuis le coll√®ge j‚Äô√©tais attir√© par certains m√©tiers (Community Management ; R√©dacteur JV ; Ing√© Son ; Monteur Vid√©o ; Graphistes).  Ces m√©tiers n√©cessitent des comp√©tences que j‚Äôavais d√©j√† t√¢tonner √† mon jeune √¢ge, et qui pour certains j‚Äôestime aujourd‚Äôhui pouvoir √™tre capable d‚Äôexercer.  Apr√®s mon Bac Pro (2019)  en poche vient le moment de Parcoursup, TOUT les BTS que j‚Äôai choisi m‚Äôont refus√©, je ne savais pas quoi faire j‚Äôai donc commenc√© √† travailler. La plupart des m√©tiers donc que je souhaitais faire n√©cessitais au minimum un BAC+2   En 2022 j‚Äôentends parler pour la premi√®re fois de ma vie de l‚ÄôUniversit√© ( et son taux d‚Äôacc√®s bien + simple que les BTS) je d√©cide donc d‚Äôarr√™ter le travail que j‚Äôavais √† ce moment la pour y aller.  Je fais ma rentr√©e et grosse d√©ception √ßa ne me pla√Æt pas du tout (J‚Äôavais pris th√©√¢tre) je d√©cide donc d‚Äôarr√™ter et donc je travaille, Je me renseigne sur les fili√®res propos√©es √† l‚Äôuniversit√© et m‚Äôinscris donc en Musicologie pour l‚Äôann√©e 2023/2024.  Je fais ma rentr√©e tout se passe bien les cours me plaisent vraiment √©norm√©ment j‚Äôarrive plut√¥t bien avec les TD et la les CM me faisait d√©faut, impossible de me concentrer ou de rester √©veill√©, je prenais notes mais je n‚Äôarrivais pas √† comprendre l‚Äôint√©r√™t de ce que nous notions etc‚Ä¶ je d√©cide donc d‚Äôarr√™ter en me disant peut √™tre que l‚ÄôEcole est juste plus fait pour moi.  J‚Äôai postul√© √† plusieurs entreprises qui avait des postes plut√¥t int√©ressant (Un poste ou je me sentirais vraiment a l‚Äôaise, qui ne me donne pas envie de me foutre en l‚Äôair) qui n‚Äôavait aucun rapport avec ce que je cherchais de base mais √ßa se solde toujours par un refus une fois l‚Äôentretien pass√©.  Je me retrouve donc maintenant √† voir mon fr√®re entamer sa L2 √™tre le bon sujet de conversation de la famille, et puis moi √† √™tre sans emploi ni √©tudes, je suis d√©go√ªt√© de mes hobbys, voir mes proches r√©ussir mais pas moi, √™tre la version rat√© d‚Äôune lign√©e fraternelle.  J‚Äôaimerais mettre fin √† ce calvaire, je cherche juste un moyen d‚Äôexercer ce que je veut (surtout pour des m√©tiers ou des ann√©es d‚Äô√©tudes c‚Äôest vraiment pas n√©cessaires)  Je suis d√©sesp√©r√©e auriez vous des trucs des solutions jsp, merci d‚Äôavance !	reddit
33	"Bonjour,  Je n'arrive pas √† retrouver le nom d'un ""magazine"" parisien que ma grand m√®re avait dans les ann√©es 90s (je suis √† peu pr√™t s√ªr que c'est plus vieux que √ßa, mais je m'en rappelle de cette √©poque).  J'√©tais gamin donc c'est un peu flou, mais ce dont je me rappelle :   * C'√©tait un magazine qui regroupait toutes les infos culturelles, class√©es par type : expositions actuelles, horaires des mus√©es, grille des programme des cin√©mas et th√©√¢tres, activit√© touristiques etc. * De m√©moire c'√©tait hebdomadaire, √ßa paraissait en milieu de semaine pour co√Øncider avec les mises √† jour des programme de cin√©ma peut √™tre ? * C'√©tait plut√¥t neutre, plus un catalogue en fait, je n'ai pas souvenir d'articles ou autre, que des infos pratiques * C'√©tait soit gratuit, ou pas cher, possiblement sponsoris√© par la mairie ou les commerces ? Et facile √† trouver partout  J'ai perdu ma grand m√®re cette semaine, et j'aimerai bien retrouver le nom de ce livret. C'√©tait toujours un bon moment quand on allait en vacances chez elle avec mes s≈ìurs, on achetait √ßa et on faisait le programme ensemble pour notre s√©jour.  J'imagine que si √ßa existe encore, c'est devenu un site web, mais je n'ai rien trouv√© encore."	reddit
34	Salut le sous,   Petite question √† ceux chez Orange svp : nous n'avons plus de service chez Sosh depuis la temp√™te CIARAN et l'outil de d√©tection des pannes d'orange ne signale aucun probl√®me.  Un technicien va venir qui pourrait √™tre facture de 69e si la panne rel√®ve de notre responsabilit√© (√©quipement √† l'int√©rieur de la maison)! Avez d√©j√† eu le cas de figure ? Y a til un compte rendu √† obtenir du technicien pour d√©terminer pr√©cis√©ment √ßa, et √† signer peut √™tre ? Il semble (forums) que certaines personnes se sont m√™me faites pr√©lever automatiquement les 69e pour √™tre plus ou moins rembours√©s bien plus tard...  Si le probl√®me rel√®ve de la temp√™te et mais c√¥t√© maison donc √† mes frais, est il possible de se faire indemniser (assurance habitation)?   Merci	reddit
35	"Bonjour, Bonjour,   J'avoue je fais ce post un peut plus pour vent et me plaindre qu'autre chose, mais avant tout je me pr√©sente un peu.  Bref, mon pseudo c'est Bootade car c'est mon pseudo sur tout depuis deux ans, et √ßa me faire rire. J'adore lire, je suis fan de films mais mes critiques sur Letterbox sont √©clat√©es au sol, j'ai ador√© Game of Thrones mais The Boys est pas loin derri√®re, je suis giga accros √† Cyberpunk 2077, Zelda, F1 2023 et  des fois je joue a Rainbow6Siege mais je suis nulle √† chier. Et je r√™ve d'avoirs une √©norme biblioth√®que compos√©e de mes livres pr√©f√©r√©s. Je suis en Master 2 E-business mais j'ai une licence de langues, mon anglais est plut√¥t bon par contre mon chinois ce limite √† ""je mange du pain"".  Bref j'ai eu 22 ans il y a quelques jours, et je l'ai f√™t√© seule. Avec une pizza. Rien de mal √† √ßa c'√©tait une tr√®s bonne journ√©e, m'enfin. Une personne que je connais m'a demand√© si j'avais c√©l√©br√© avec des amis et j'ai r√©pondu non. Sa r√©ponse ? ""Triste"".  Personnellement je trouve pas √ßa triste mais j'avoue que j'aimerais avoir plus d'amis dans la vie de tout les jours. Quand je vois dens gens de mon age qui sortent et passent du temps avec leurs amis et mois je suis juste chez moi car les deux seules amis que j'ai n'habitent pas dans la m√™me ville que moi ben ca me rend un peu triste.  Depuis que je suis au coll√®ge on peut compter sur les 5 doigts d'une main le nombre d'amis que je me suis faite. Aujourd'hui ce compte c'est r√©duit √† 2 personnes que j'ai rencontr√© √† la fac et au lyc√©e.  Ca fait presque 1 ans et demi que j'ai d√©m√©nag√© pour faire mon master et que je me retrouve seule dans un autre ville dans laquelle je n'ai pus me faire aucun amis.  Une de mes amies √©tait tr√®s ""populaire"" au lyc√©e et elle m'as toujours dit que c'√©tait juste que les gens avaient la flemme d'apprendre √† me connaitre, que j'√©tais ""underrated""  et tr√®s et juste un peux difficile √† approcher. ( on dirait que je me lance des fleur mais ca me met mal √† l'aise de m'√©crire des compliment)  Je me suis toujours consid√©r√©e comme une personnes de gentille aux premiers abords (les blagues sarcastiques ca vient apr√®s) surtout que quand t'as pas d'amis tu veux toujours t'en faire de nouveaux.  Pendant un temps je croyais que c'√©tait du au physique, je suis pas vraiment une personne hors du commun, je suis pas sp√©cialement jolie, parler mon physique  ca me met mal √† l'aise mais bon, je me disait comment ca se fait que j'arrive plus vite √† m'int√©grer sur un putain de chat discord, ou en tant que mod√©rateur pour un streamer twitch mais incapable de quoi que ce soit IRL. Pourtant ma personnalit√© ne change pas.   Et puis j'avoues que je suis du genre silencieuse  et j'ai du mal √† m'ouvrir mais √† ce point ?  Alors je sais tr√®s bien que certaines personnes peuvent ne pas vous aimer et je comprend tr√®s bien √ßa. C'est juste que je me demande pourquoi j'y arrive pas.  Au final j'ai un peu j'accepter mon incapacit√© socialiser mdr. Peut importe la raison de ladite incapacit√©. J'avoue que j'essaye souvent de tourner √ßa  √† la rigolade mais ca me p√®se un peu. J'aime ma solitude. Mais je serais pas contre de la compagnie de temps en temps vous comprenez ?  &#x200B;  &#x200B;"	reddit
36	"Je fais un fil de discussion hors du FL pour parler de la politique aux US. C'est un sujet √©norme, avec un impact direct chez nous et sur le monde mais qui est souvent abord√© que tr√®s partiellement autour d'√©v√®nements qui font les gros titres. Je propose donc de d√©battre √† partir d'un point de situation et de r√©pondre √† vos questions.  1. L'√©lection pr√©sidentielle est dans moins d'un an (5 nov    2014). Comme depuis plusieurs d√©cennies, c'est l'occasion de    mobiliser un plus large √©lectorat que lors des √©lections de    mi-mandat, et donc de toucher des gens qui ne suivent pas ou peu la    politique normalement. Pour r√©colter des voix, le calendrier    politique est tr√®s √©tal√©, et a d√©j√† commenc√©.   D'un c√¥t√©, Joe Biden qui f√™tera ses 81 ans la semaines        prochaine s'est d√©clar√© candidat √† la r√©√©lection il y a six        mois d√©j√†. Il sera forc√©ment accompagn√© de sa vice-pr√©sidente        actuelle Kamala Harris. 	       De l'autre, Donald Trump (77 ans et demi) n'a jamais vraiment        cess√© d'√™tre candidat depuis l'√©lection pr√©c√©dente. Il est        actuellement mis en examen pour 91 accusations, et partage son        temps entre proc√®s et meeting politique.  2. Le processus de nomination.        Ce processus se fait √©tat par √©tat, du 15 janvier au 4 juin,        les multiples candidats abandonnant en g√©n√©ral petit √† petit au        fur et √† mesure qu'ils perdent les √©lections et deviennent trop        distanc√© pour esp√©rer √™tre √©lu candidat du parti. C'est aussi        l'occasion de parler de politique √† la t√©l√©vision, et de        proposer un programme. Avec deux candidats d√©j√† tr√®s fortement        pressentis, cette ann√©e est particuli√®re dans le sens o√π ce        d√©bat pourrait n'avoir lieu ni d'un c√¥t√© ni de l'autre.   Traditionnellement en politique US, un candidat normal ayant        perdu une √©lection g√©n√©rale ne se repr√©sente pas. Donald Trump        est tout sauf un candidat normal, et il est favori pour la        nomination r√©publicaine mais il a tout de m√™me une petite        opposition dans son parti. Cette opposition a d√©j√† organis√©        trois d√©bats t√©l√©vis√©s, assez peu suivis en l'absence de Trump        qui pr√©f√®re faire ses meetings politiques seul. Ron DeSantis        qui √©tait pressenti comme un candidat cr√©dible est en train de        s'effondrer dans les sondages. Les deux autres candidats        possibles sont Haley (femme, gouverneure Caroline du Sud) et        Ramaswamy (asian-american, d'origine indienne). Les deux auront        probablement un peu de mal avec la frange raciste et sexiste        des r√©publicains. Le centriste proche des r√©publicains est        Chris Christie. Son c√¥t√© raisonnable le rends peu attirant pour        les extr√©mistes qui sont nombreux chez les r√©publicains. On        peut parler des uns et des autres, mais leur candidature √† tous        reste tr√®s fragile. 	    3. Le bordel √† la chambre des d√©put√©s.      Les r√©publicains pourtant majoritaires ont r√©ussi √† perdre un vote    de censure d√©but Octobre, ce qui a men√© √† trois semaines de lutte    interne pour finir par l'√©lection d'un nouveau ""speaker"" ou chef    des d√©put√©s. Ce nouvel √©lu Mike Johnson n'est pas tr√®s connu    (c'√©tait son atout principal), et est de mon point de vue un    extr√®miste. Puisque l'on est pas dans le FL, je peux mentionner    qu'il est venu √† Paris vendredi dernier pour parler √† une    conf√©rence √† laquelle √©taient pr√©sent Zemmour, Phillippot,    Dupont-Aignan mais aussi Farage, Orban (pas LE Orban, mais son    conseiller politique qui a le m√™me nom sans √™tre de la m√™me    famille). Je vous laisse le programme : https://wfi2023.org/programme/   Le point cl√© du bordel c'est le budget, arme politique        r√©currente aux USA. Les r√©publicains n'arrivent plus √† se        mettre d'accord sur la loi de financement, et n'ont pas encore        de plan pour arriver √† un accord. Les derni√®res nouvelles        laissent penser qu'ils vont repousser l'√©ch√©ance au 19 janvier,        mais il n'est pas exclu que le bras de fer se solde √† cette        date l√† par une fermeture du gouvernement avec mise au ch√¥mage        technique de dizaines de millier d'employ√©s f√©d√©raux. 	    4. La guerre en Ukraine et Isra√´l: Un des points de blocage pour le       financement est celui du financement de l'Ukraine et d'Isra√´l,       qui sont parfois oppos√© dans les d√©bats, ou mis c√¥te √† c√¥te       comme aussi important l'un que l'autre. Notez que les histoires       d'enqu√™tes autour de Hunter Biden (fils du pr√©sident Joe Biden)       ont commenc√© avec Trump essayant de corrompre Zelensky pour       qu'il fabrique des preuves mettant en cause Hunter Biden. 	   5. La religion aux US : si vous voulez vraiment qu'on y passe des      heures c'est un sujet vraiment vaste. Pour vous faire une id√©e,      Mike Johnson est cr√©ationniste, et un courant politique important      chez les r√©publicains lie la guerre Isra√´lo-Palestinienne √† la      fin des temps (""the Rapture""), et au retour de J√©sus. 	  6. La cour supr√™me... c'est juste incroyable dans un pays qui veut       se faire passer pour d√©mocratique. 	  Bref, c'est un gros morceau comme je l'avais annonc√©, n'h√©sitez pas √† poser des questions ou √† pr√©senter d'autres √©l√©ments. Petit sujet d'optimisme : les rares √©lections locales tr√®s r√©centes ont largement montr√© l'attachement des am√©ricains au droit √† l'avortement."	reddit
37	"Bonjour AirFrance,  Juste un poteau pour vider mon sac, car depuis le √©v√®nements du 7 octobre, j'ai l'impression de vivre en d√©calage complet de la soci√©t√©.  Plus exactement, depuis la riposte Isra√©lienne qui a d√©clench√© des vagues d'antis√©mitismes absolument incroyables √† travers le monde, car c'est bien connu, les juifs du monde sont responsables des actions de Tsahal...  Les jours passent et les actions antis√©mites se d√©cuplent, des croix gamm√©es, des agressions verbales, physiques, des menaces de mort et m√™me des tentatives d'assassinat.  Ma femme a d√©cid√© de rentrer notre mezouza √† l'int√©rieur de notre appartement, oblig√© de se cacher pour √™tre en s√©curit√©, je ne pensais jamais vivre √ßa.  Et putain, qu'on se sent seuls face √† cette situation.  Oui il y a eu une marche contre l'antis√©mitisme, mais constitu√©e majoritairement de juifs.   Puis, au fond, qu'est-ce qu'elle va changer cette marche ? Les antis√©mites vont arr√™ter de l'√™tre du jour au lendemain ... ? ""Ah putain ils ont march√© dans Paris, faut qu'on arr√™te et qu'on se remette en question !""  Avec tout √ßa, ma femme veut partir de la France car elle a peur.  Peur d'aller √† la synagogue, peur d'aller faire ses courses dans un supermarch√© cacher, peur de mettre les enfants en √©cole publique car ils se feront emmerder parce que juifs, peur de mettre les enfants en √©cole priv√©e juive car ce sont aussi des cibles pour les antis√©mites, ...  Et moi voyez vous, je cr√©√© un compte sp√©cialement pour ce post pour ne pas me faire emmerder sur mon profil principal...  La flamb√©e de l'antis√©mitisme √©tant partout √† travers le monde, o√π aller pour vivre son juda√Øsme en toute libert√© et s√©curit√© ? Isra√´l ? Les √©v√®nements r√©cents d√©montrent bien que m√™me un juif en Isra√´l n'est pas en s√©curit√©.  Et voil√† plusieurs jours que tous les jours nous nous disputons, de plus en plus violement, car moi je ne veux pas partir.  J'aime le mode de vie √† la fran√ßaise, j'aime aller dans les caf√©s parisiens, j'aime manger ma baguette et mon croissant, j'aime le fromage, j'aime la culture, j'aime le th√©√¢tre, J'AIME LA FRANCE !  J'aime la France ... mais on se sent seuls et abandonn√©s. En parlant √† mon entourage, nombreux sont ceux qui envisagent un d√©part car ils ne voient pas leur avenir dans ce pays..."	reddit
38	Bonjour √† tous.. J'√©cris depuis Budapest, en Hongrie, et j'aimerais obtenir de l'aide¬†: Un p√®re inquiet √©crit maintenant pour trouver une √©cole de langue fran√ßaise pour sa fille de 16 ans en ao√ªt 2024. Comme je ne connais que l‚Äôanglais, j‚Äôai l‚Äôimpression qu‚ÄôInternet ne constitue pour le moment qu‚Äôune aide limit√©e. J'aimerais donc inscrire ma fille dans une √©cole de langue fran√ßaise de 3 √† 4 semaines, l'aidant ainsi √† ses √©tudes secondaires, avec un h√©bergement en dortoir ou en foyer √©tudiant. Je voudrais vous demander si vous pourriez me recommander une √©cole que je pourrais contacter¬†?   Des liens, des adresses e-mail, des sites Web sur lesquels je pourrais demander des informations, et ils sont s√ªrs et de bonne qualit√©. Je pense plut√¥t √† une petite ville, peut-√™tre une ville baln√©aire, et non √† Paris. (N‚Äôen d√©plaise aux Parisiens.) J'√©cris √©galement cet article avec Google Translate, donc je suis d√©sol√© s'il n'est pas tout √† fait correct.   Merci d'avance.	reddit
39	"√Ä chaque fois qu‚Äôil se passe quelque chose dans le Levant la sc√®ne politique et m√©diatique fran√ßaise arr√™te pas d‚Äôen parler. Pourquoi est ce qu‚Äôon parle pas autant du Y√©men, de Myanmar, de L‚ÄôUkraine (qui est un conflit toujours aussi sanglant qu‚Äôau d√©but) et j‚Äôen passe? Juste parce que c‚Äôest la ""Terre sainte"" et que les trois religions du livre ont une pi√®ce dans la machine? Si c‚Äôest juste √ßa je perd encore un peu de foi dans la race humaine."	reddit
40	How practical is it to move to France For a a few of months? I want to improve my French but don‚Äôt know anyone there. I work remotely I‚Äôm hoping it would be warmer and cheaper then living in Paris but I may be wrong.	reddit
41	Ils salissent m√™me Tolkien !	reddit
42	Qui d√©finit l'air du temps qui se retrouve inscrit en nous finalement ?	reddit
43	Et voil√† Air se produit en concert en France, pour la premi√®re fois depuis 15 ans, je fais F5 sur ce vieux site en carton p√¢te de l‚ÄôOlympia, j‚Äôai 2 places en mezzanine, et je ne peux pas valider mon foutu panier car le formulaire ou remplir nom pr√©nom adresse n‚Äôest pas cliquable‚Ä¶ en 2023 punaise mais quelle haine‚Ä¶ Le compte √† rebours atteint z√©ro et voila sold out. J‚Äôavais les billets. Vous vous en foutez mais j‚Äôai la haine.	reddit
44	Bonjour, je suis chez Total energie.   Je suis pas chez moi en semaine de 7h30 √† 19h - chauffage seulement √† 16 (l‚Äôhiver va √™tre hard) - pas de t√©l√© - ordi et lumi√®re √©teints √† 21h - pas souvent chez moi le week-end - pas d‚Äôusage abus√© de mes plaques de cuisson/lave linge/ aspi/ s√®che cheveux.  Et pourtant je paie 56‚Ç¨/mois d‚Äô√©lectricit√© et un petit r√©ajustement de 16‚Ç¨ en juillet pro est d√©j√† pr√©vu. Comment je peux payer autant alors que je vis comme une pauvre et que j‚Äôai froid (maladie qui m‚Äôemp√™che de pouvoir manger donc je suis tr√®s maigre).  Vous en √™tes o√π vous ?	reddit
45	"A future is an entity representing the result of an ongoing computation. A synchronisation with a ""get"" operation blocks the caller until the computation is over, to return the corresponding value. When a computation in charge of fulfilling a future delegates part of its processing to another task, mainstream languages return nested futures, and several ""get"" operations are needed to retrieve the computed value (we call such futures ""control-flow futures""). Several approaches were proposed to tackle this issues: the ""forward"" construct, that allows the programmer to make delegation explicit and avoid nested futures, and ""data-flow explicit futures"" which natively collapse nested futures into plain futures. This paper supports the claim that data-flow explicit futures form a powerful set of language primitives, on top of which other approaches can be built. We prove the equivalence, in the context of data-flow explicit futures, between the ""forward"" construct and classical ""return"" from functions. The proof relies on a branching bisimulation between a program using ""forward"" and its ""return"" counterpart. This result allows language designers to consider ""forward"" as an optimisation directive rather than as a language primitive. Following the principles of the Godot system, we provide a library implementation of control-flow futures, based on data-flow explicit futures implemented in the compiler. This small library supports the claim that the implementation of classical futures based on data-flow ones is easier than the opposite. Our benchmarks show the viability of the approach from a performance point of view."	arxiv
46	We have measured in a copper wire the energy exchange rate between quasiparticles as a function of the applied magnetic field. We find that the effective electron-electron interaction is strongly modified by the magnetic field, suggesting that magnetic impurities play a role on the interaction processes.	arxiv
47	We show that microwave spectroscopy of a dense Rydberg gas trapped on a superconducting atom chip in the dipole blockade regime reveals directly the dipole-dipole many-body interaction energy spectrum. We use this method to investigate the expansion of the Rydberg cloud under the effect of repulsive van der Waals forces and the breakdown of the frozen gas approximation. This study opens a promising route for quantum simulation of many-body systems and quantum information transport in chains of strongly interacting Rydberg atoms.	arxiv
48	In this paper, we give a complete topological, as well as geometrical classification of closed 3-dimensional Lorentz manifolds admitting a noncompact isometry group.	arxiv
49	We show the XMM-Newton guaranted time observations of 2 clusters of galaxies in a different stage of merger.	arxiv
50	For the eigenvalues of $p$ complex hermitian $n\times n$ matrices coupled in a chain, we give a method of calculating the spacing functions. This is a generalization of the one matrix case which has been known for a long time.	arxiv
51	Elementary techniques from operational calculus, differential algebra, and noncommutative algebra lead to a new approach for change-point detection, which is an important field of investigation in various areas of applied sciences and engineering. Several successful numerical experiments are presented.	arxiv
52	Here the orientation of the Gothic cathedrals in France is discussed and investigated using the satellite maps. Except a few of them, these buildings have the apse facing the rising sun, according to a practice adopted during the middle age.	arxiv
53	An account of the careers of the five women who completed a doctorate in mathematics in France before 1960 and became internationally known scientists, followed by a more general description of the place of women on the mathematical scene in France between 1930 and 1960.	arxiv
54	"A new concept called ""Model-Free Control"" is applied to hydroelectric run-of-the river power plants, with severe constraints and operating conditions. Numerous computer simulations display excellent results, which are obtained thanks to simple and robust algorithms."	arxiv
55	We present a new source separation method which maximizes the likelihood of a model of noisy mixtures of stationary, possibly Gaussian, independent components. The method has been devised to address the problem of imaging CMB anisotropies. It works in the spectral domain where, thanks to two simple approximations, the likelihood assumes a simple form which is easy to handle (low dimensional sufficient statistics) and to maximize (via the EM algorithm).	arxiv
56	We investigate the variability of the QPO frequency in 4U1608-52 on very short time scales of a few seconds. We detect changes in frequency as fast as 0.5 Hz/s, which is more than ten times the fastest change reported for this object. Using a structure function analysis, we are able to detect variability on time scales as short as ~4 seconds. We do not detect any time asymmetry in the QPO-frequency history. These results have important consequences on the measurement of the QPO coherence.	arxiv
57	An exact expression of the bridge-mediated donor-acceptor effective coupling, is derived. For systems represented by a tight-binding Hamiltonian with nearest-neighbor interactions, we show that the effective coupling, is equal to the product over all square of nearest-neighbor couplings divided by an appropriate product of level spacing of eigen energies of the Hamiltonian. Results of this calculation are compared to those obtained by perturbative approaches and some drawbacks of the latter are pointed out.	arxiv
58	In this paper, the performances of the quasi-Newton BFGS algorithm, the NEWUOA derivative free optimizer, the Covariance Matrix Adaptation Evolution Strategy (CMA-ES), the Differential Evolution (DE) algorithm and Particle Swarm Optimizers (PSO) are compared experimentally on benchmark functions reflecting important challenges encountered in real-world optimization problems. Dependence of the performances in the conditioning of the problem and rotational invariance of the algorithms are in particular investigated.	arxiv
59	The syntax of an imperative language does not mention explicitly the state, while its denotational semantics has to mention it. In this paper we show that the equational proofs about an imperative language may hide the state, in the same way as the syntax does.	arxiv
60	The COVID-19 pandemic has rapidly spread around the world and burdened public health in almost all countries involving France. After the spread of SARS-CoV-2, France harvested many deaths in total. In this paper, we develop models with integer and fractional orders to investigate the dynamics of COVID-19 transmission in French hospitals and intensive care units (ICUs). Moreover, this paper aims to explore the impact of precautionary measures on the total infected cases in hospitals and ICUs of COVID-19 for the entire France by using available actual data.	arxiv
61	We study the set of conformal immersions between two pseudo-Riemannian manifolds of same dimension. We characterize the closure of this set inside the space of continuous maps, and give some geometric consequences when this closure is nonempty.	arxiv
62	For an elliptic problem with two space dimensions, we propose to formulate the finite volume method with the help of Petrov-Galerkin mixed finite elementsthat are based on the building of a dual Raviart-Thomas basis.	arxiv
63	We use an alternative definition of topological complexity to show that the topological complexity of the mapping telescope of a sequence $X_1\rightarrow X_2\rightarrow X_3\rightarrow...$ is bounded above by $2max{TC(X_i); i=1,2,...}$.	arxiv
64	In this paper, we extend the sequent calculus LKF into a calculus LK(T), allowing calls to a decision procedure. We prove cut-elimination of LK(T).	arxiv
65	We construct the first known examples of compact pseudo-Riemannian manifolds having an essential group of conformal transformations, and which are not conformally flat. Our examples cover all types $(p,q)$, with $2 \leq p \leq q$.	arxiv
66	We give a new and simple proof of the fact that a finite family of analytic functions has a zero Wronskian only if it is linearly dependent.	arxiv
67	Statistical machine learning methods are increasingly used for neuroimaging data analysis. Their main virtue is their ability to model high-dimensional datasets, e.g. multivariate analysis of activation images or resting-state time series. Supervised learning is typically used in decoding or encoding settings to relate brain images to behavioral or clinical observations, while unsupervised learning can uncover hidden structures in sets of images (e.g. resting state functional MRI) or find sub-populations in large cohorts. By considering different functional neuroimaging applications, we illustrate how scikit-learn, a Python machine learning library, can be used to perform some key analysis steps. Scikit-learn contains a very large set of statistical learning algorithms, both supervised and unsupervised, and its application to neuroimaging data provides a versatile tool to study the brain.	arxiv
68	The 1kHz real part $\chi'$ of the dielectric constant of a structural glass was measured at low temperature $T$ down to 14 mK. Reducing the sample thickness $h$ to 10 nm suppresses the usual minimum of $\chi'$ for measuring fields $E<.5 $ MV/m. This contradicts the Two Level System (TLS) model but is well accounted for by including TLS-TLS interactions where excitations delocalize between TLS's through a $E$-induced mechanism recently designed: for small $h$'s this interaction is reduced, which explains the two-dimensional behavior of $\chi'(T)$. Hence, interactions play a key role in standard thick samples.	arxiv
69	This paper sums up some recent validations of an immersed boundary method for compressible flow simulations. It has been already shown that this method is able to provide accurate results without meshing effort around more or less complex geometries. Here, the authors focus on several simple test cases to assess the application range of the method. From subsonic to hypersonic flows, from steady to large-eddy unsteady simulations, in 2D or 3D, results are compared to classical simulations with body-fitted meshes and experiment. Moreover, the use of an efficient Navier-Stokes solver for all the cases is part of the benefit of the approach to provide a CFD solution in a reduced time.	arxiv
70	Aircraft routing and crew pairing problems aims at building the sequences of flight legs operated respectively by airplanes and by crews of an airline. Given their impact on airlines operating costs, both have been extensively studied for decades. Our goal is to provide reliable and easy to maintain frameworks for both problems at Air France. We propose simple approaches to deal with Air France current setting. For routing, we introduce a compact MIP formulation that can be solved by current MIP solvers in at most a few minutes even on Air France largest instances. Regarding crew pairing, we provide a standard methodology to model the column generation pricing subproblem within a new resource constrained shortest path framework recently introduced by the first author. This new framework, which can be used as a black-box, leverages on bounds on paths' resource to discard partial solutions and speed-up the resolution. The resulting approach enables to solve to optimality Air France largest instances. Recent literature has focused on integrating aircraft routing and crew pairing problems. As a side result, we have been able to solve to near optimality large industrial instances of the integrated problem by combining the aforementioned algorithms within a simple cut generating method.	arxiv
71	We present an analysis of the Proof-of-Work consensus algorithm, used on the Bitcoin blockchain, using a Mean Field Game framework. Using a master equation, we provide an equilibrium characterization of the total computational power devoted to mining the blockchain (hashrate). From a simple setting we show how the master equation approach allows us to enrich the model by relaxing most of the simplifying assumptions. The essential structure of the game is preserved across all the enrichments. In deterministic settings, the hashrate ultimately reaches a steady state in which it increases at the rate of technological progress. In stochastic settings, there exists a target for the hashrate for every possible random state. As a consequence, we show that in equilibrium the security of the underlying blockchain is either $i)$ constant, or $ii)$ increases with the demand for the underlying cryptocurrency.	arxiv
72	Heise et al. (2001) have reported the identification of a new class of sources by Beppo-SAX, the so-called X-ray flashes (XRFs), which have many common properties with gamma-ray bursts (GRBs) but are not detected in the gamma-ray range. In the framework of the internal shock model, we investigate the possibility that XRFs have the same origin than GRBs but are intrinsically softer due to different shock parameters.	arxiv
73	The organization of the recruitment of tenured astronomers and astrophysicists in France is presented and compared with the setup in other countries. The ages for getting tenure have increased from 27-28 in 1980 to 31 today. Foreign scientists constitute at least 11% of the recruits and the delay in their hiring is quantified. The large reliance on national tenure committees is justified, while the increased targeting of positions is questioned and a compromise proposed.	arxiv
74	The paper deals with exponential functionals of the linear Brownian motion which arise in different contexts such as continuous time finance models and one-dimensional disordered models. We study some properties of these exponential functionals in relation with the problem of a particle coupled to a heat bath in a Wiener potential. Explicit expressions for the distribution of the free energy are presented.	arxiv
75	We perform a comprehensive study of the formation of three dimensional (pyramidal) structures in a large range of conditions, including the possible evaporation of adatoms from the surface and the presence of surface defects. We compare our computer simulations to theoretical calculations of the growth and find good agreement between them. This work clarifies precedent studies of three dimensional growth and predicts the island size distributions obtained in the different regimes. Finally, we show how our analysis can be used to interpret experimental data.	arxiv
76	We have investigated both experimentally and theoretically the spreading behavior of latex particles deposited on solid substrates. These particles, which are composed of cross-linked polymer chains, have an intrinsic elastic modulus. We show that the elasticity must be considered to account for the observed contact angle between the particle and the solid substrate, as measured through atomic force microscopy techniques. In particular, the work of adhesion computed within our model can be significantly larger than that from the classical Dupr\'{e} formula.	arxiv
77	We consider a Brownian motion on a general graph, that starts at time t=0 from some vertex O and stops at time t somewhere on the graph.   Denoting by g the last time when O is reached, we establish a simple expression for the Laplace Transform, L, of the probability density of g. We discuss this result for some special graphs like star, ring, tree or square lattice. Finally, we show that L can also be expressed in terms of primitive orbits when, for any vertex, all the exit probabilities are equal.	arxiv
78	The notion of contract aware components has been published roughly ten years ago and is now becoming mainstream in several fields where the usage of software components is seen as critical. The goal of this paper is to survey domains such as Embedded Systems or Service Oriented Architecture where the notion of contract aware components has been influential. For each of these domains we briefly describe what has been done with this idea and we discuss the remaining challenges.	arxiv
79	We introduce fibrewise Whitehead- and fibrewise Ganea definitions of monoidal topological complexity. We then define several lower bounds for the topological complexity, which improve on the standard lower bound in terms of nilpotency of the cohomology ring. The relationships between these lower bounds are studied.	arxiv
80	This paper focuses on the restart strategy of CMA-ES on multi-modal functions. A first alternative strategy proceeds by decreasing the initial step-size of the mutation while doubling the population size at each restart. A second strategy adaptively allocates the computational budget among the restart settings in the BIPOP scheme. Both restart strategies are validated on the BBOB benchmark; their generality is also demonstrated on an independent real-world problem suite related to spacecraft trajectory optimization.	arxiv
81	This paper presents a solution to the Flowgraphs case study for the Transformation Tool Contest 2013 (TTC 2013). Starting from Java source code, we execute a chain of model transformations to derive a simplified model of the program, its control flow graph and its data flow graph. Finally we develop a model transformation that validates the program flow by comparing it with a set of flow specifications written in a domain specific language. The proposed solution has been implemented using ATL.	arxiv
82	Alternating-time temporal logic with strategy contexts (ATLsc) is a powerful formalism for expressing properties of multi-agent systems: it extends CTL with strategy quantifiers, offering a convenient way of expressing both collaboration and antagonism between several agents. Incomplete observation of the state space is a desirable feature in such a framework, but it quickly leads to undecidable verification problems. In this paper, we prove that uniform incomplete observation (where all players have the same observation) preserves decidability of the model-checking problem, even for very expressive logics such as ATLsc.	arxiv
83	In the wake of the COVID-19 virus outbreak, a brief phenomenological (descriptive, comparative) analysis of the dynamics of the disease spread among different countries is presented. Results indicate that the infection spread dynamics is currently the most pronounced in the USA (confirmed cases are currently doubling every 2.16 days, with a decreasing doubling time tendency), while other countries with the most confirmed cases show different values, and tendencies. The reported number of deaths is currently doubled every 2.28 days in Germany, 2.56 days in France, 2.57 days in Switzerland, 2.59 days in France, and 2.62 days in USA, while only France and USA are currently exhibiting further acceleration (diminishing doubling time).	arxiv
84	Several tools have been developed to enhance automation of theorem proving in the 2D plane. However, in 3D, only a few approaches have been studied, and to our knowledge, nothing has been done in higher dimensions. In this paper, we present a few examples of incidence geometry theorems in dimensions 3, 4, and 5. We then prove them with the help of a combinatorial prover based on matroid theory applied to geometry.	arxiv
85	A self-consistent model for the simulation of Ge-rich Ge$_2$Sb$_2$Te$_5$ phase change memories is presented. Combining the multi-phase field model and a phase-aware electro-thermal solver, it reproduces the multi-physics behavior of the material. Simulations of memory operations are performed to demonstrate its ability to reproduce experimental observations.	arxiv
86	We report on the development and characterization of the low-noise, low power, mixed analog-digital SIRIUS ASICs for both the LAD and WFM X-ray instruments of LOFT. The ASICs we developed are reading out large area silicon drift detectors (SDD). Stringent requirements in terms of noise (ENC of 17 e- to achieve an energy resolution on the LAD of 200 eV FWHM at 6 keV) and power consumption (650 {\mu}W per channel) were basis for the ASICs design. These SIRIUS ASICs are developed to match SDD detectors characteristics: 16 channels ASICs adapted for the LAD (970 microns pitch) and 64 channels for the WFM (145 microns pitch) will be fabricated. The ASICs were developed with the 180nm mixed technology of TSMC.	arxiv
87	The success of metaheuristic optimization methods has led to the development of a large variety of algorithm paradigms. However, no algorithm clearly dominates all its competitors on all problems. Instead, the underlying variety of landscapes of optimization problems calls for a variety of algorithms to solve them efficiently. It is thus of prior importance to have access to mature and flexible software frameworks which allow for an efficient exploration of the algorithm design space. Such frameworks should be flexible enough to accommodate any kind of metaheuristics, and open enough to connect with higher-level optimization, monitoring and evaluation softwares. This article summarizes the features of the ParadisEO framework, a comprehensive C++ free software which targets the development of modular metaheuristics. ParadisEO provides a highly modular architecture, a large set of components, speed of execution and automated algorithm design features, which are key to modern approaches to metaheuristics development.	arxiv
88	Estimating the amount of electricity that can be produced by rooftop photovoltaic systems is a time-consuming process that requires on-site measurements, a difficult task to achieve on a large scale. In this paper, we present an approach to estimate the solar potential of rooftops based on their location and architectural characteristics, as well as the amount of solar radiation they receive annually. Our technique uses computer vision to achieve semantic segmentation of roof sections and roof objects on the one hand, and a machine learning model based on structured building features to predict roof pitch on the other hand. We then compute the azimuth and maximum number of solar panels that can be installed on a rooftop with geometric approaches. Finally, we compute precise shading masks and combine them with solar irradiation data that enables us to estimate the yearly solar potential of a rooftop.	arxiv
89	The general correlation function for the eigenvalues of $p$ complex hermitian matrices coupled in a chain is given as a single determinant. For this we use a slight generalization of a theorem of Dyson.	arxiv
90	"November 2002, ""Magister"", Supervisors : Dr. H. Bouzar (Tizi-Ouzou, Algeria) with the collaboration of Dr. V. Pierron-Bohnes and Dr. C. Goyhenex (Strasbourg, France). Mouloud Mammeri University, Tizi-Ouzou (Algeria) and Louis Pasteur University, Strasbourg (France)."	arxiv
91	A standard approach to building a fuzzy controller based on stochastic logic uses binary random signals with an average (expected value of a random variable) in the range [0, 1]. A different approach is presented, founded on a representation of the membership functions with the probability density functions.	arxiv
92	We here compute the reaction $ \gamma \; \gamma \rightarrow G \; \pi^{0} $ for various glueball candidates $ G $ and their assumed quantum states, using a non-relativistic gluon bound-state model for the glueball.	arxiv
93	A method to reconstruct sleptons in cascade-decays at the FLC is presented. It is shown that experimental mass-resolutions as low as 8.7 MeV/c^2 are attainable.	arxiv
94	Summary of the XIth International Conference on Elastic and Diffractive Scattering in Chateau de Blois, France, May 15 - 20, 2005, summarizing both theoretical and experimental presentations and discussions.	arxiv
95	General expressions for the anomalies appearing in pure W_3 gravity are found by requiring that they satisfy a modified version of the Wess-Zumino consistency conditions in which the Ward identities are treated as nonvanishing quantities.	arxiv
96	We construct closed complex submanifolds of dimension three in C^5 which are differential complete intersections but not holomorphic complete intersections. We also prove a homotopy principle concerning the removal of intersections of holomorphic mappings from Stein manifolds to complex Euclidean spaces C^d with certain closed complex subvarities of C^d.	arxiv
97	We prove that the heat kernel on the infinite Bernoulli percolation cluster in Z^d almost surely decays faster than t^{-d/2}. We also derive estimates on the mixing time for the random walk confined to a finite box. Our approach is based on local isoperimetric inequalities.	arxiv
98	"We give an explicit construction of special strongly pseudoconvex domains in C^n of handlebody type, i.e., domains which are small tubes surrounding the union of a quadratic strongly pseudoconvex domain with an attached totally real handle. Among other results, we give another proof of Lemma 3.4.3. from the paper of Y. Eliashberg, ""Topological characterization of Stein manifolds of dimension $>2$"", Internat. J. Math., 1 (1990), 29--46."	arxiv
99	Some recent progress towards understanding the cohomology of moduli spaces of curves is described. Madsen and Weiss have given a proof of a generalisation of Mumford's conjecture on the stable cohomology of these moduli spaces M_g, and other contributors have made advances related to Faber's conjectures on the tautological ring of M_g.	arxiv
100	We obtain results on approximation of holomorphic maps by algebraic maps, jet transversality theorems for holomorphic and algebraic maps, and the homotopy principle for holomorphic submersions of Stein manifolds to certain algebraic manifolds.	arxiv
101	We prove that for any complex manifold X, the set of all holomorphic maps from the unit disc to X whose images are everywhere dense in X forms a dense subset in the space of all holomorphic maps from the disc to X. We show by an example that this need not hold for maps from the disc to complex spaces with singularities.	arxiv
102	The aim of this article is the proof of the following result: Let M be a connected manifold endowed with a regular Cartan geometry modelled on the boundary X of the d-dimensional real (resp. complex, resp. quaternionic, resp. octonionic) hyperbolic space. If the group of automorphisms of M does not act properly on M, then M is geometrically isomorphic to:   - X if M is compact.   - X minus a point in the other cases.	arxiv
103	We prove a rigidity of the lightcone in Minkowski space. It is essentially the unique space endowed with a degenerate Riemannian metric, of lightlike type, and supporting an isometric non-proper action of a semi-simple group.	arxiv
104	In this paper, we consider the problem of building a conformal boundary, embedding a pseudo-Riamnnian manifold as an open subset of a bigger one. We get first results about conformal maximality. We also show that in dimension $\geq 3$, there are rigidity properties for the topological boundary of such a conformal embedding. We get results of the same kind about general Cartan geometries.	arxiv
105	Sturmfels offered 100 Swiss Francs in 2005 to a conjecture, which deals with a special case of the maximum likelihood estimation for a latent class model. This paper confirms the conjecture positively.	arxiv
106	This paper is a write-up of introductory lectures on the modern approach to the nuclear force problem based on chiral effective field theory given at the 2009 Joliot-Curie School, Lacanau, France, 27 September - 3 October 2009.	arxiv
107	We construct a holomorphically varying family of complex surfaces X_s, parametrized by the points s in any Stein manifold, such that every X_s is a long C^2 which is biholomorphic to C^2 for some but not all values of s.	arxiv
108	We show that the Schur multiplier of $Sp(2g,\mathbb Z/D\mathbb Z)$ is $\mathbb Z/2\mathbb Z$, when $D$ is divisible by 4.	arxiv
109	We prove that every bordered Riemann surface admits a complete proper holomorphic immersion into a ball of C^2, and a complete proper holomorphic embedding into a ball of C^3.	arxiv
110	We investigate several situations where the local homogeneity of a geometric structure on a dense open subset of a manifold implies the local homogeneity everywhere. This results in a strengthening of the conclusions in Gromov's open-dense orbit theorem. In particular, we show that any smooth closed 3-dimensional Lorentz manifold with a topologically transitive isometric action must be locally homogeneous.	arxiv
111	In this paper we show that every complex hypersurface $A$ in a Stein manifold $X$ with $H^2(X;\mathbb Z)=0$ is the divisor of a holomorphic function $f$ on $X$ whose critical points are precisely the singular points of $A$. A similar result is proved for complete intersections of higher codimension.	arxiv
112	I discuss, through a few examples, how observational cosmology can provide insights on hypothetical fundamental physics phenomena or mechanisms, such as Grand Unified Theory, Superstring alternatives to the inflation paradigm, and inflation itself.	arxiv
113	A class of generalized definitions of expectation value is often employed in nonequilibrium statistical mechanics for complex systems. Here, the necessary and sufficient condition is presented for such a class to be stable under small deformations of a given arbitrary probability distribution.	arxiv
114	The Tevatron collider has provided the CDF and D0 collaborations with large datasets as input to a rich program of physics beyond the standard model. The results presented here are from recent searches for SUSY particles using up to 6 fb-1 of data.	arxiv
115	We present several application of simple topological arguments in problems of Kolmogorov complexity. Basically we use the standard fact from topology that the disk is simply connected. It proves to be enough to construct strings with some nontrivial algorithmic properties.	arxiv
116	Answering an old question, we find a domain X in the complex projective plane CP^2 which admits a strongly plurisubharmonic function, but such that every holomorphic function on X is constant. The domain X can be chosen diffeomorphic to an oriented real 2-plane bundle over the 2-sphere.	arxiv
117	"Discussion of ""Search for the Wreckage of Air France Flight AF 447"" by Lawrence D. Stone, Colleen M. Keller, Thomas M. Kratzke, Johan P. Strumpfer [arXiv:1405.4720]."	arxiv
118	In this paper we construct complex contact structures on $\mathbb{C}^{2n+1}$ for any $n\ge 1$ with the property that every holomorphic Legendrian map $\mathbb{C}\to \mathbb{C}^{2n+1}$ is constant. In particular, these contact structures are not globally contactomorphic to the standard complex contact structure on $\mathbb{C}^{2n+1}$.	arxiv
119	We survey the theory of vector-valued modular forms and their connections with modular differential equations and Fuchsian equations over the three-punctured sphere. We present a number of numerical examples showing how the theory in dimensions 2 and 3 leads naturally to close connections between modular forms and hypergeometric series.	arxiv
120	We study a p-adic Shimura-Maass operator in the context of Mumford curves defined by C. Franc is his Ph.D. Thesis. We prove that this operator arises from a splitting of the Hodge filtration, thus answering a question in Franc. We also study the relation of this operator with generalized Heegner cycles, in the spirit of Bertolini-Darmon-Prasanna and Brooks.	arxiv
121	In this article we present an elementary introduction to the theory of minimal surfaces in Euclidean spaces $\mathbb R^n$ for $n\ge 3$ by using only elementary calculus of functions of several variables at the level of a typical second-year undergraduate analysis course for students of Mathematics at European universities. No prior knowledge of differential geometry is assumed.	arxiv
122	In a recent paper, Jean Gaudart and colleagues studied the factors associated with the spatial heterogeneity of the first wave of COVID-19 in France. We make some critical comments on their work which may be useful for future, similar studies.	arxiv
123	In the context of direct searches of sub-GeV Dark Matter particles with germanium detectors, the EDELWEISS collaboration has tested a new technique to tag ionizing events using NbSi transition edge athermal phonon sensors. The emission of the athermal phonons generated by the Neganov-Trofimov-Luke effect associated with the drift of electrons and holes through the detectors is used to tag ionization events generated in specific parts of the detector localized in front of the NbSi sensor and to reject by more than a factor 5 (at 90% C.L.) the background from heat-only events that dominates the spectrum above 3 keV. This method is able to improve by a factor 2.8 the previous limit on spin-independent interactions of 1 GeV/c2 WIMPs obtained with the same detector and data set but without this tagging technique.	arxiv
124	This article describes an efficient way to implement the multiplication instructions for a RISCV processor. Instead of using three predefined IP blocks for signed, unsigned and mixed multiplication, this article presents a novel extension to the Baugh-Wooley multiplication algorithm which reduces area and power consumption with roughly a factor three.	arxiv
125	TAROT-1 is an automatic, autonomous ground based observatory whose primary goal is the rapid detection of the optical counterparts of cosmic gamma-ray burst sources. It will be able to begin imaging any GRB localization 8 seconds after receipt of an alert from CGRO/BATSE or HETE-2. TAROT-1 will reach the 17th V magnitude in 10 seconds, at a 10$\sigma$ confidence level. TAROT will be able to observe GRB positions given by Beppo-SAX or RXTE, EUV transients from ALEXIS alerts, etc. TAROT will also study a wide range of secondary objectives and will feature a complete automatic data analysis system, and a powerful scheduling software. TAROT will be installed this fall on the Plateau du Calern, 1200m above sea level. We report on the status of the project.	arxiv
126	6 pages; Subm. to AIP Conf. Proceedings	arxiv
127	We have measured with a tunnel probe the energy distribution function of quasiparticles in silver diffusive wires connected to two large pads (``reservoirs''), between which a bias voltage was applied. From the dependence in energy and bias voltage of the distribution function we have inferred the energy exchange rate between quasiparticles. In contrast with previously obtained results on copper and gold wires, these data on silver wires can be well interpreted with the theory of diffusive conductors either solely, or associated with another mechanism, possibly the coupling to two-level systems.	arxiv
128	In this paper, which completes our earlier short publication [Phys. Rev. Lett. 84, 511 (2000)], we study dynamics of a hard-core tracer particle (TP) performing a biased random walk in an adsorbed monolayer, composed of mobile hard-core particles undergoing continuous exchanges with a vapor phase. In terms of an approximate approach, based on the decoupling of the third-order correlation functions, we obtain the density profiles of the monolayer particles around the TP and derive the force-velocity relation, determining the TP terminal velocity, V_{tr}, as the function of the magnitude of external bias and other system's parameters. Asymptotic forms of the monolayer particles density profiles at large separations from the TP, and behavior of V_{tr} in the limit of small external bias are found explicitly.	arxiv
129	We present experimental results on the displacement of a domain wall by injection of a dc current through the wall. The samples are 1 micron wide long stripes of a CoO/Co/Cu/NiFe classical spin valve structure.   The stripes have been patterned by electron beam lithography. A neck has been defined at 1/3 of the total length of the stripe and is a pinning center for the domain walls, as shown by the steps of the giant magnetoresistance curves at intermediate levels (1/3 or 2/3) between the resistances corresponding to the parallel and antiparallel configurations. We show by electric transport measurements that, once a wall is trapped, it can be moved by injecting a dc current higher than a threshold current of the order of magnitude of 10^7 A/cm^2. We discuss the different possible origins of this effect, i.e. local magnetic field created by the current and/or spin transfer from spin polarized current.	arxiv
130	We propose a simple phenomenological model to analyze vibrational characteristics of quasicrystals (QCs). The interpretation of the obtained recently data is based on the existence of almost dispersionless optical modes most probably related to the specific clusters which constitute the characteristic building blocks of any QC structure. We generalize to QCs the well - known Akhiezer mechanism, which in our case is related to a ''long wave'' disturbance of the quasicrystalline optical modes by the propagating sound modes. At higher wave vectors strong hybridization of acoustic and optical modes takes place, and it leads to a more steep broadening dependence on wave vectors, and besides the excitation can no longer be described as a single acoustic mode with a well defined wave vector.	arxiv
131	We present a model for pore stabilization in membranes without surface tension. Whereas an isolated pore is always unstable (since it either shrinks tending to re-seal or grows without bound til to membrane disintegration), it is shown that excluded volume interactions in a system of many pores can stabilize individual pores of a given size in a certain range of model parameters. For such a multipore membrane system, the distribution of pore size and associated pore lifetime are calculated within the mean field approximation. We predict that, above certain temperature when the effective line tension becomes negative, the membrane exhibits a dynamic sieve-like porous structure.	arxiv
132	Summary talk given at the International Workshop on Linear Colliders LCWS 99, Sitges (Barcelona), April 28 - May 5, 1999	arxiv
133	"Contribution to ""Rencontres de Moriond, QCD and hadronic interactions"", Les Arcs, France, March 2002"	arxiv
134	"Talk at the International Workshop ""New Non Perturbative Methods and Quantization on the Light Cone"", Les Houches, France, Feb.24-March 7, 1997"	arxiv
135	These notes were written for the Cours Peccot given at the Coll\`ege de France in 2007.	arxiv
136	In this paper, we propose a technique to extract constrained formal concepts.	arxiv
137	"We propose to demonstrate LiquidXML, a platform for managing large corpora of XML documents in large-scale P2P networks. All LiquidXML peers may publish XML documents to be shared with all the network peers. The challenge then is to efficiently (re-)distribute the published content in the network, possibly in overlapping, redundant fragments, to support efficient processing of queries at each peer. The novelty of LiquidXML relies in its adaptive method of choosing which data fragments are stored where, to improve performance. The ""liquid"" aspect of XML management is twofold: XML data flows from many sources towards many consumers, and its distribution in the network continuously adapts to improve query performance."	arxiv
138	"A summary account of the conference ""Fusion11"", held in Saint Malo, France, May 2-6, 2011."	arxiv
139	A Multipath Transport Protocol for Future Internet	arxiv
140	"This paper is a criticism on ""A Mathematician's Apology"" by G. H. Hardy."	arxiv
141	The reachability analysis of recursive programs that communicate asynchronously over reliable FIFO channels calls for restrictions to ensure decidability. Our first result characterizes communication topologies with a decidable reachability problem restricted to eager runs (i.e., runs where messages are either received immediately after being sent, or never received). The problem is EXPTIME-complete in the decidable case. The second result is a doubly exponential time algorithm for bounded context analysis in this setting, together with a matching lower bound. Both results extend and improve previous work from La Torre et al.	arxiv
142	Second layer scattering descriptors are known to provide good classification performance on natural quasi-stationary processes such as visual textures due to their sensitivity to higher order moments and continuity with respect to small deformations. In a functional Magnetic Resonance Imaging (fMRI) experiment we present visual textures to subjects and evaluate the predictive power of these descriptors with respect to the predictive power of simple contour energy - the first scattering layer. We are able to conclude not only that invariant second layer scattering coefficients better encode voxel activity, but also that well predicted voxels need not necessarily lie in known retinotopic regions.	arxiv
143	How to manage knowledge on the Web.	arxiv
144	Modern software systems, like GNU/Linux distributions or Eclipse-based development environment, are often deployed by selecting components out of large component repositories. Maintaining such software systems by performing component upgrades is a complex task, and the users need to have an expressive preferences language at their disposal to specify the kind of upgrades they are interested in. Recent research has shown that it is possible to develop solvers that handle preferences expressed as a combination of a few basic criteria used in the MISC competition, ranging from the number of new components to the freshness of the final configuration. In this work we introduce a set of new criteria that allow the users to specify their preferences for solutions with components aligned to the same upstream sources, provide an efficient encoding and report on the experimental results that prove that optimising these alignment criteria is a tractable problem in practice.	arxiv
